what,kind,bundleId,bundleVersion,description,time
started,bundle,org.eclipse.wst.web,1.1.500.v201104251400,"org.eclipse.wst.web",1316616958375
started,bundle,org.eclipse.wst.common.frameworks,1.2.100.v201105122000,"org.eclipse.wst.common.frameworks",1316616958375
started,bundle,org.eclipse.wst.common.emf,1.2.100.v201101101900,"org.eclipse.wst.common.emf",1316616958375
started,bundle,org.eclipse.jem.util,2.1.100.v201103021400,"org.eclipse.jem.util",1316616958375
started,bundle,org.eclipse.emf.ecore.xmi,2.7.0.v20110520-1406,"org.eclipse.emf.ecore.xmi",1316616958375
started,bundle,org.eclipse.wst.common.emfworkbench.integration,1.2.100.v201011172300,"org.eclipse.wst.common.emfworkbench.integration",1316616958375
started,bundle,org.eclipse.wst.common.core,1.2.0.v200908252030,"org.eclipse.wst.common.core",1316616958375
started,bundle,org.eclipse.wst.common.modulecore,1.2.100.v201105191800,"org.eclipse.wst.common.modulecore",1316616958391
activated,view,org.eclipse.ui.ide,3.7.0.I20110519-0100,"org.eclipse.ui.views.ProblemView",1316616964356
activated,view,org.eclipse.jdt.ui,3.7.0.v20110531-1200,"org.eclipse.jdt.ui.PackageExplorer",1316616979452
deactivated,workbench,org.eclipse.ui.workbench,3.7.0.I20110519-0100,"",1316616987398
activated,workbench,org.eclipse.ui.workbench,3.7.0.I20110519-0100,"",1316617072343
executed,command,org.eclipse.ui,3.7.0.I20110602-0100,"org.eclipse.ui.file.properties",1316617072387
deactivated,workbench,org.eclipse.ui.workbench,3.7.0.I20110519-0100,"",1316617072691
activated,workbench,org.eclipse.ui.workbench,3.7.0.I20110519-0100,"",1316617074195
deactivated,workbench,org.eclipse.ui.workbench,3.7.0.I20110519-0100,"",1316617080471
activated,workbench,org.eclipse.ui.workbench,3.7.0.I20110519-0100,"",1316617136890
executed,command,org.eclipse.ui,3.7.0.I20110602-0100,"org.eclipse.ui.file.properties",1316617136909
started,bundle,org.eclipse.pde.core,3.7.0.v20110603,"org.eclipse.pde.core",1316617140583
deactivated,workbench,org.eclipse.ui.workbench,3.7.0.I20110519-0100,"",1316617151270
activated,workbench,org.eclipse.ui.workbench,3.7.0.I20110519-0100,"",1316617151366
deactivated,workbench,org.eclipse.ui.workbench,3.7.0.I20110519-0100,"",1316617151476
activated,workbench,org.eclipse.ui.workbench,3.7.0.I20110519-0100,"",1316617155986
executed,command,org.eclipse.pde.ui,3.6.100.v20110603,"org.eclipse.pde.ui.searchTargetRepositories",1316617155991
deactivated,workbench,org.eclipse.ui.workbench,3.7.0.I20110519-0100,"",1316617161587
activated,workbench,org.eclipse.ui.workbench,3.7.0.I20110519-0100,"",1316618910658
deactivated,workbench,org.eclipse.ui.workbench,3.7.0.I20110519-0100,"",1316618915971
activated,workbench,org.eclipse.ui.workbench,3.7.0.I20110519-0100,"",1316618942678
executed,command,org.eclipse.ui,3.7.0.I20110602-0100,"org.eclipse.ui.file.properties",1316618942701
activated,editor,org.eclipse.jdt.ui,3.7.0.v20110531-1200,"org.eclipse.jdt.ui.CompilationUnitEditor",1316618948662
executed,command,org.eclipse.ui,3.7.0.I20110602-0100,"org.eclipse.ui.file.save",1316618951458
deactivated,workbench,org.eclipse.ui.workbench,3.7.0.I20110519-0100,"",1316618956417
activated,workbench,org.eclipse.ui.workbench,3.7.0.I20110519-0100,"",1316619006512
activated,view,org.eclipse.jdt.ui,3.7.0.v20110531-1200,"org.eclipse.jdt.ui.PackageExplorer",1316619006536
deactivated,workbench,org.eclipse.ui.workbench,3.7.0.I20110519-0100,"",1316619008326
started,bundle,org.eclipse.equinox.frameworkadmin.equinox,1.0.300.v20110506,"org.eclipse.equinox.frameworkadmin.equinox",1316619020352
started,bundle,org.eclipse.help.base,3.6.0.v201106131736,"org.eclipse.help.base",1316619025798
started,bundle,org.eclipse.help.ui,3.5.100.v20110425,"org.eclipse.help.ui",1316619025813
started,bundle,org.eclipse.ui.cheatsheets,3.4.100.v20110425,"org.eclipse.ui.cheatsheets",1316619026981
started,bundle,org.eclipse.ui.intro,3.4.100.v20110425,"org.eclipse.ui.intro",1316619027007
started,bundle,org.eclipse.ui.intro.universal,3.2.500.v20110510,"org.eclipse.ui.intro.universal",1316619027379
activated,workbench,org.eclipse.ui.workbench,3.7.0.I20110519-0100,"",1316619094403
executed,command,org.eclipse.ui,3.7.0.I20110602-0100,"org.eclipse.ui.file.properties",1316619094447
deactivated,workbench,org.eclipse.ui.workbench,3.7.0.I20110519-0100,"",1316619095248
activated,workbench,org.eclipse.ui.workbench,3.7.0.I20110519-0100,"",1316619107521
started,bundle,com.springsource.server.ide.jdt.ui,2.6.0.201103161000-RELEASE,"com.springsource.server.ide.jdt.ui",1316619107661
started,bundle,org.springframework.ide.eclipse.webflow.ui,2.6.0.201103160035-RELEASE,"org.springframework.ide.eclipse.webflow.ui",1316619107661
executed,command,org.eclipse.ui,3.7.0.I20110602-0100,"org.eclipse.ui.file.refresh",1316619112276
executed,command,org.eclipse.ui,3.7.0.I20110602-0100,"org.eclipse.ui.file.refresh",1316619116751
activated,editor,org.eclipse.jdt.ui,3.7.0.v20110531-1200,"org.eclipse.jdt.ui.CompilationUnitEditor",1316619117376
deactivated,workbench,org.eclipse.ui.workbench,3.7.0.I20110519-0100,"",1316619120496
activated,workbench,org.eclipse.ui.workbench,3.7.0.I20110519-0100,"",1316619121953
closed,workbench,org.eclipse.ui.workbench,3.7.0.I20110519-0100,"",1316619122129
stopped,bundle,org.eclipse.m2e.logback.configuration,1.0.0.20110607-2117,"org.eclipse.m2e.logback.configuration",1316619123241
stopped,bundle,org.eclipse.m2e.discovery,1.0.0.20110607-2117,"org.eclipse.m2e.discovery",1316619123241
stopped,bundle,org.eclipse.m2e.refactoring,1.0.0.20110607-2117,"org.eclipse.m2e.refactoring",1316619123241
stopped,bundle,org.eclipse.m2e.editor,1.0.0.20110607-2117,"org.eclipse.m2e.editor",1316619123241
stopped,bundle,org.eclipse.m2e.editor.xml,1.0.0.20110607-2117,"org.eclipse.m2e.editor.xml",1316619123241
stopped,bundle,org.eclipse.m2e.jdt,1.0.0.20110607-2117,"org.eclipse.m2e.jdt",1316619123241
stopped,bundle,org.eclipse.m2e.launching,1.0.0.20110607-2117,"org.eclipse.m2e.launching",1316619123241
stopped,bundle,org.eclipse.m2e.usagedata,1.0.0.20110607-2117,"org.eclipse.m2e.usagedata",1316619123241
stopped,bundle,com.springsource.server.ide.runtime.ui,2.6.0.201103161000-RELEASE,"com.springsource.server.ide.runtime.ui",1316619123241
stopped,bundle,com.springsource.server.ide.ui,2.6.0.201103161000-RELEASE,"com.springsource.server.ide.ui",1316619123241
stopped,bundle,com.springsource.server.ide.bundlor.ui,2.6.0.201103161000-RELEASE,"com.springsource.server.ide.bundlor.ui",1316619123241
stopped,bundle,com.springsource.server.ide.bundlor.core,2.6.0.201103161000-RELEASE,"com.springsource.server.ide.bundlor.core",1316619123241
stopped,bundle,com.springsource.server.ide.eclipse,2.6.0.201103161000-RELEASE,"com.springsource.server.ide.eclipse",1316619123241
stopped,bundle,org.eclipse.pde.ui,3.6.100.v20110603,"org.eclipse.pde.ui",1316619123256
stopped,bundle,org.eclipse.ui.cheatsheets,3.4.100.v20110425,"org.eclipse.ui.cheatsheets",1316619123256
stopped,bundle,org.eclipse.help.ui,3.5.100.v20110425,"org.eclipse.help.ui",1316619123256
stopped,bundle,org.eclipse.help.webapp,3.6.0.v20110518,"org.eclipse.help.webapp",1316619123256
stopped,bundle,org.eclipse.epp.mpc.ui,1.1.0.I20110525-0742,"org.eclipse.epp.mpc.ui",1316619123256
stopped,bundle,org.eclipse.epp.usagedata.ui,1.3.1.R201106061540,"org.eclipse.epp.usagedata.ui",1316619123256
stopped,bundle,org.eclipse.ui.intro.universal,3.2.500.v20110510,"org.eclipse.ui.intro.universal",1316619123256
stopped,bundle,org.eclipse.ui.intro,3.4.100.v20110425,"org.eclipse.ui.intro",1316619123256
stopped,bundle,org.eclipse.help.base,3.6.0.v201106131736,"org.eclipse.help.base",1316619123256
stopped,bundle,org.eclipse.equinox.http.jetty,2.0.100.v20110502,"org.eclipse.equinox.http.jetty",1316619123256
stopped,bundle,com.springsource.server.ide.export,2.6.0.201103161000-RELEASE,"com.springsource.server.ide.export",1316619123256
stopped,bundle,com.springsource.server.ide.jdt.ui,2.6.0.201103161000-RELEASE,"com.springsource.server.ide.jdt.ui",1316619123256
stopped,bundle,com.springsource.server.ide.jdt.core,2.6.0.201103161000-RELEASE,"com.springsource.server.ide.jdt.core",1316619123256
stopped,bundle,com.springsource.server.ide.runtime.core,2.6.0.201103161000-RELEASE,"com.springsource.server.ide.runtime.core",1316619123256
stopped,bundle,com.springsource.server.ide.manifest.core,2.6.0.201103161000-RELEASE,"com.springsource.server.ide.manifest.core",1316619123256
stopped,bundle,com.springsource.repository,2.0.0.RELEASE,"com.springsource.repository",1316619123256
stopped,bundle,org.springframework.ide.eclipse.webflow.mylyn,2.6.0.201103160035-RELEASE,"org.springframework.ide.eclipse.webflow.mylyn",1316619123272
stopped,bundle,org.springframework.ide.eclipse.webflow.ui,2.6.0.201103160035-RELEASE,"org.springframework.ide.eclipse.webflow.ui",1316619123272
stopped,bundle,org.springframework.ide.eclipse.webflow.ui.graph,2.6.0.201103160035-RELEASE,"org.springframework.ide.eclipse.webflow.ui.graph",1316619123272
stopped,bundle,org.springframework.ide.eclipse.webflow.ui.editor,2.6.0.201103160035-RELEASE,"org.springframework.ide.eclipse.webflow.ui.editor",1316619123272
stopped,bundle,org.springframework.ide.eclipse.webflow.core,2.6.0.201103160035-RELEASE,"org.springframework.ide.eclipse.webflow.core",1316619123272
stopped,bundle,org.eclipse.m2e.core.ui,1.0.0.20110607-2117,"org.eclipse.m2e.core.ui",1316619123272
stopped,bundle,org.eclipse.m2e.core,1.0.0.20110607-2117,"org.eclipse.m2e.core",1316619123287
stopped,bundle,org.eclipse.mylyn.ide.ant,3.6.0.v20110608-1400,"org.eclipse.mylyn.ide.ant",1316619123287
stopped,bundle,org.eclipse.ant.ui,3.5.100.v20110510,"org.eclipse.ant.ui",1316619123287
stopped,bundle,org.eclipse.ant.launching,1.0.100.v20110506,"org.eclipse.ant.launching",1316619123287
stopped,bundle,org.eclipse.compare.win32,1.0.200.I20110510-0800,"org.eclipse.compare.win32",1316619123287
stopped,bundle,org.eclipse.equinox.p2.ui.sdk,1.0.200.v20110502-1955,"org.eclipse.equinox.p2.ui.sdk",1316619123287
stopped,bundle,org.eclipse.mylyn.java.tasks,3.6.0.v20110608-1400,"org.eclipse.mylyn.java.tasks",1316619123287
stopped,bundle,org.springframework.ide.eclipse.beans.mylyn,2.6.0.201103160035-RELEASE,"org.springframework.ide.eclipse.beans.mylyn",1316619123287
stopped,bundle,org.springframework.ide.eclipse.mylyn,2.6.0.201103160035-RELEASE,"org.springframework.ide.eclipse.mylyn",1316619123287
stopped,bundle,org.eclipse.mylyn.java.ui,3.6.0.v20110608-1400,"org.eclipse.mylyn.java.ui",1316619123287
stopped,bundle,org.eclipse.jdt.junit,3.7.0.v20110505-0800,"org.eclipse.jdt.junit",1316619123287
stopped,bundle,org.eclipse.jdt.apt.ui,3.3.300.v20110305-1450,"org.eclipse.jdt.apt.ui",1316619123287
stopped,bundle,com.springsource.server.ide.facet.core,2.6.0.201103161000-RELEASE,"com.springsource.server.ide.facet.core",1316619123287
stopped,bundle,org.eclipse.jdt.debug.ui,3.6.0.v20110512,"org.eclipse.jdt.debug.ui",1316619123287
stopped,bundle,org.eclipse.wb.swing.databinding,1.0.0.r37x201106081552,"org.eclipse.wb.swing.databinding",1316619123287
stopped,bundle,org.eclipse.wb.core.databinding,1.0.0.r37x201106081531,"org.eclipse.wb.core.databinding",1316619123287
stopped,bundle,org.eclipse.wb.swing.FormLayout,1.0.0.r37x201106081552,"org.eclipse.wb.swing.FormLayout",1316619123287
stopped,bundle,org.eclipse.wb.swing.MigLayout,1.0.0.r37x201106081552,"org.eclipse.wb.swing.MigLayout",1316619123287
stopped,bundle,org.eclipse.wb.swing.java6,1.0.0.r37x201106081552,"org.eclipse.wb.swing.java6",1316619123287
stopped,bundle,org.eclipse.wb.swing.jsr296,1.0.0.r37x201106081552,"org.eclipse.wb.swing.jsr296",1316619123287
stopped,bundle,org.eclipse.wb.swing,1.0.0.r37x201106081552,"org.eclipse.wb.swing",1316619123287
stopped,bundle,org.eclipse.wb.core.ui,1.0.0.r37x201106081733,"org.eclipse.wb.core.ui",1316619123287
stopped,bundle,org.eclipse.wb.layout.group,1.0.0.r37x201106081642,"org.eclipse.wb.layout.group",1316619123287
stopped,bundle,org.eclipse.wb.os.win32,1.0.0.r37x201106081531,"org.eclipse.wb.os.win32",1316619123287
stopped,bundle,org.eclipse.wb.core,1.0.0.r37x201106081531,"org.eclipse.wb.core",1316619123287
stopped,bundle,org.springframework.ide.eclipse.aop.mylyn,2.6.0.201103160035-RELEASE,"org.springframework.ide.eclipse.aop.mylyn",1316619123287
stopped,bundle,org.springframework.ide.eclipse.aop.ui.matcher,2.6.0.201103160035-RELEASE,"org.springframework.ide.eclipse.aop.ui.matcher",1316619123287
stopped,bundle,org.springframework.ide.eclipse.aop.ui,2.6.0.201103160035-RELEASE,"org.springframework.ide.eclipse.aop.ui",1316619123287
stopped,bundle,org.springframework.ide.eclipse.batch,2.6.0.201103160035-RELEASE,"org.springframework.ide.eclipse.batch",1316619123287
stopped,bundle,org.springframework.ide.eclipse.security,2.6.0.201103160035-RELEASE,"org.springframework.ide.eclipse.security",1316619123287
stopped,bundle,org.springframework.ide.eclipse.aop.core,2.6.0.201103160035-RELEASE,"org.springframework.ide.eclipse.aop.core",1316619123303
stopped,bundle,org.springframework.ide.eclipse.beans.ui.refactoring,2.6.0.201103160035-RELEASE,"org.springframework.ide.eclipse.beans.ui.refactoring",1316619123303
stopped,bundle,org.springframework.ide.eclipse.integration,2.6.0.201103160035-RELEASE,"org.springframework.ide.eclipse.integration",1316619123303
stopped,bundle,org.springframework.ide.eclipse.osgi,2.6.0.201103160035-RELEASE,"org.springframework.ide.eclipse.osgi",1316619123303
stopped,bundle,org.springframework.ide.eclipse.beans.ui.editor,2.6.0.201103160035-RELEASE,"org.springframework.ide.eclipse.beans.ui.editor",1316619123303
stopped,bundle,org.springframework.ide.eclipse.beans.ui.autowire,2.6.0.201103160035-RELEASE,"org.springframework.ide.eclipse.beans.ui.autowire",1316619123303
stopped,bundle,org.springframework.ide.eclipse.beans.ui.graph,2.6.0.201103160035-RELEASE,"org.springframework.ide.eclipse.beans.ui.graph",1316619123303
stopped,bundle,org.springframework.ide.eclipse.beans.ui.search,2.6.0.201103160035-RELEASE,"org.springframework.ide.eclipse.beans.ui.search",1316619123303
stopped,bundle,org.springframework.ide.eclipse.beans.ui,2.6.0.201103160035-RELEASE,"org.springframework.ide.eclipse.beans.ui",1316619123303
stopped,bundle,org.springframework.ide.eclipse.uaa,2.6.0.201103160035-RELEASE,"org.springframework.ide.eclipse.uaa",1316619123334
stopped,bundle,org.springframework.ide.eclipse.ui,2.6.0.201103160035-RELEASE,"org.springframework.ide.eclipse.ui",1316619123334
stopped,bundle,org.eclipse.jdt.ui,3.7.0.v20110531-1200,"org.eclipse.jdt.ui",1316619123350
stopped,bundle,org.eclipse.wst.dtd.ui,1.0.600.v201103171359,"org.eclipse.wst.dtd.ui",1316619123350
stopped,bundle,org.eclipse.wst.xsd.ui,1.2.404.v201105050216,"org.eclipse.wst.xsd.ui",1316619123350
stopped,bundle,org.eclipse.wst.web.ui,1.1.400.v201004141630,"org.eclipse.wst.web.ui",1316619123350
stopped,bundle,org.eclipse.wst.html.ui,1.0.600.v201104211436,"org.eclipse.wst.html.ui",1316619123350
stopped,bundle,org.eclipse.wst.css.ui,1.0.600.v201103022054,"org.eclipse.wst.css.ui",1316619123350
stopped,bundle,org.eclipse.wst.xml.ui,1.1.200.v201105111835,"org.eclipse.wst.xml.ui",1316619123350
stopped,bundle,org.eclipse.wst.common.ui,1.1.500.v200911190730,"org.eclipse.wst.common.ui",1316619123350
stopped,bundle,org.eclipse.wst.sse.ui,1.3.0.v201105101529,"org.eclipse.wst.sse.ui",1316619123350
stopped,bundle,org.eclipse.wst.jsdt.ui,1.1.100.v201105041953,"org.eclipse.wst.jsdt.ui",1316619123350
stopped,bundle,org.eclipse.search,3.7.0.v20110505-0800,"org.eclipse.search",1316619123350
stopped,bundle,org.eclipse.mylyn.commons.team,0.8.0.v20110608-1400,"org.eclipse.mylyn.commons.team",1316619123350
stopped,bundle,org.eclipse.mylyn.team.ui,3.6.0.v20110608-1400,"org.eclipse.mylyn.team.ui",1316619123350
stopped,bundle,org.eclipse.ui.navigator.resources,3.4.300.I20110421-1800,"org.eclipse.ui.navigator.resources",1316619123350
stopped,bundle,org.eclipse.ltk.ui.refactoring,3.6.0.v20110505-0800,"org.eclipse.ltk.ui.refactoring",1316619123350
stopped,bundle,org.eclipse.mylyn.bugzilla.ui,3.6.0.v20110608-1400,"org.eclipse.mylyn.bugzilla.ui",1316619123350
stopped,bundle,org.eclipse.mylyn.ide.ui,3.6.0.v20110608-1400,"org.eclipse.mylyn.ide.ui",1316619123350
stopped,bundle,org.eclipse.mylyn.resources.ui,3.6.0.v20110608-1400,"org.eclipse.mylyn.resources.ui",1316619123350
stopped,bundle,org.eclipse.team.cvs.ui,3.3.400.I20110510-0800,"org.eclipse.team.cvs.ui",1316619123366
stopped,bundle,org.eclipse.team.ui,3.6.100.I20110525-0800,"org.eclipse.team.ui",1316619123366
stopped,bundle,org.eclipse.mylyn.wikitext.tasks.ui,1.5.0.v20110608-1400,"org.eclipse.mylyn.wikitext.tasks.ui",1316619123366
stopped,bundle,org.eclipse.mylyn.context.ui,3.6.0.v20110608-1400,"org.eclipse.mylyn.context.ui",1316619123366
stopped,bundle,org.eclipse.mylyn.help.ui,3.6.0.v20110608-1400,"org.eclipse.mylyn.help.ui",1316619123366
stopped,bundle,org.eclipse.mylyn.tasks.bugs,3.6.0.v20110608-1400,"org.eclipse.mylyn.tasks.bugs",1316619123366
stopped,bundle,org.eclipse.mylyn.tasks.ui,3.6.1.v20110728-0200,"org.eclipse.mylyn.tasks.ui",1316619123366
stopped,bundle,org.eclipse.compare,3.5.200.I20110525-0800,"org.eclipse.compare",1316619123366
stopped,bundle,org.eclipse.ui.externaltools,3.2.0.v20110506,"org.eclipse.ui.externaltools",1316619123366
stopped,bundle,org.eclipse.wst.server.ui,1.1.305.v20110511,"org.eclipse.wst.server.ui",1316619123366
stopped,bundle,org.eclipse.debug.ui,3.7.0.v20110518,"org.eclipse.debug.ui",1316619123366
stopped,bundle,org.eclipse.mylyn.wikitext.ui,1.5.0.v20110608-1400,"org.eclipse.mylyn.wikitext.ui",1316619123366
stopped,bundle,org.eclipse.ui.console,3.5.100.v20110511,"org.eclipse.ui.console",1316619123366
stopped,bundle,org.eclipse.mylyn.commons.ui,3.6.1.v20110720-0100,"org.eclipse.mylyn.commons.ui",1316619123366
stopped,bundle,org.eclipse.ui.editors,3.7.0.v20110517-0800,"org.eclipse.ui.editors",1316619123366
stopped,bundle,org.eclipse.wst.common.snippets,1.2.100.v201103281740,"org.eclipse.wst.common.snippets",1316619123366
stopped,bundle,org.eclipse.ui.workbench.texteditor,3.7.0.v20110505-0800,"org.eclipse.ui.workbench.texteditor",1316619123366
stopped,bundle,org.eclipse.compare.core,3.5.200.I20110208-0800,"org.eclipse.compare.core",1316619123366
stopped,bundle,org.eclipse.emf.edit.ui,2.7.0.v20110606-0949,"org.eclipse.emf.edit.ui",1316619123366
stopped,bundle,org.eclipse.gef,3.7.0.v20110407-2050,"org.eclipse.gef",1316619123366
stopped,bundle,org.eclipse.emf.common.ui,2.7.0.v20110606-0949,"org.eclipse.emf.common.ui",1316619123366
activated,perspective,org.eclipse.jdt.ui,,"org.eclipse.jdt.ui.JavaPerspective",1316619142364
started,bundle,org.eclipse.osgi,3.7.0.v20110613,"org.eclipse.osgi",1316619142385
started,bundle,org.eclipse.equinox.simpleconfigurator,1.0.200.v20110502-1955,"org.eclipse.equinox.simpleconfigurator",1316619142386
started,bundle,com.ibm.icu,4.4.2.v20110208,"com.ibm.icu",1316619142387
started,bundle,org.eclipse.compare.core,3.5.200.I20110208-0800,"org.eclipse.compare.core",1316619142387
started,bundle,org.eclipse.core.contenttype,3.4.100.v20110423-0524,"org.eclipse.core.contenttype",1316619142387
started,bundle,org.eclipse.core.databinding.observable,1.4.0.I20110222-0800,"org.eclipse.core.databinding.observable",1316619142388
started,bundle,org.eclipse.core.expressions,3.4.300.v20110228,"org.eclipse.core.expressions",1316619142388
started,bundle,org.eclipse.core.filebuffers,3.5.200.v20110505-0800,"org.eclipse.core.filebuffers",1316619142388
started,bundle,org.eclipse.core.filesystem,1.3.100.v20110423-0524,"org.eclipse.core.filesystem",1316619142388
started,bundle,org.eclipse.core.jobs,3.5.100.v20110404,"org.eclipse.core.jobs",1316619142390
started,bundle,org.eclipse.core.net,1.2.100.I20110511-0800,"org.eclipse.core.net",1316619142390
started,bundle,org.eclipse.core.resources,3.7.100.v20110510-0712,"org.eclipse.core.resources",1316619142390
started,bundle,org.eclipse.core.runtime,3.7.0.v20110110,"org.eclipse.core.runtime",1316619142390
started,bundle,org.eclipse.core.runtime.compatibility,3.2.100.v20100505,"org.eclipse.core.runtime.compatibility",1316619142391
started,bundle,org.eclipse.core.runtime.compatibility.auth,3.2.200.v20110110,"org.eclipse.core.runtime.compatibility.auth",1316619142391
started,bundle,org.eclipse.debug.core,3.7.0.v20110518,"org.eclipse.debug.core",1316619142391
started,bundle,org.eclipse.ecf,3.1.300.v20110531-2218,"org.eclipse.ecf",1316619142391
started,bundle,org.eclipse.ecf.filetransfer,5.0.0.v20110531-2218,"org.eclipse.ecf.filetransfer",1316619142391
started,bundle,org.eclipse.ecf.identity,3.1.100.v20110531-2218,"org.eclipse.ecf.identity",1316619142391
started,bundle,org.eclipse.ecf.provider.filetransfer,3.2.0.v20110531-2218,"org.eclipse.ecf.provider.filetransfer",1316619142391
started,bundle,org.eclipse.ecf.provider.filetransfer.httpclient,4.0.0.v20110531-2218,"org.eclipse.ecf.provider.filetransfer.httpclient",1316619142391
started,bundle,org.eclipse.epp.mpc.ui,1.1.0.I20110525-0742,"org.eclipse.epp.mpc.ui",1316619142391
started,bundle,org.eclipse.epp.usagedata.gathering,1.3.1.R201106061540,"org.eclipse.epp.usagedata.gathering",1316619142391
started,bundle,org.eclipse.epp.usagedata.recording,1.3.1.R201106061540,"org.eclipse.epp.usagedata.recording",1316619142391
started,bundle,org.eclipse.equinox.app,1.3.100.v20110321,"org.eclipse.equinox.app",1316619142391
started,bundle,org.eclipse.equinox.common,3.6.0.v20110523,"org.eclipse.equinox.common",1316619142392
started,bundle,org.eclipse.equinox.ds,1.3.0.v20110502,"org.eclipse.equinox.ds",1316619142392
started,bundle,org.eclipse.equinox.event,1.2.100.v20110502,"org.eclipse.equinox.event",1316619142393
started,bundle,org.eclipse.equinox.frameworkadmin,2.0.0.v20110502-1955,"org.eclipse.equinox.frameworkadmin",1316619142393
started,bundle,org.eclipse.equinox.p2.artifact.repository,1.1.100.v20110519,"org.eclipse.equinox.p2.artifact.repository",1316619142393
started,bundle,org.eclipse.equinox.p2.core,2.1.0.v20110502-1955,"org.eclipse.equinox.p2.core",1316619142393
started,bundle,org.eclipse.equinox.p2.director,2.1.0.v20110504-1715,"org.eclipse.equinox.p2.director",1316619142394
started,bundle,org.eclipse.equinox.p2.directorywatcher,1.0.300.v20110502-1955,"org.eclipse.equinox.p2.directorywatcher",1316619142395
started,bundle,org.eclipse.equinox.p2.engine,2.1.0.v20110511,"org.eclipse.equinox.p2.engine",1316619142395
started,bundle,org.eclipse.equinox.p2.extensionlocation,1.2.100.v20110510,"org.eclipse.equinox.p2.extensionlocation",1316619142395
started,bundle,org.eclipse.equinox.p2.metadata,2.1.0.v20110510,"org.eclipse.equinox.p2.metadata",1316619142395
started,bundle,org.eclipse.equinox.p2.metadata.repository,1.2.0.v20110511-1359,"org.eclipse.equinox.p2.metadata.repository",1316619142395
started,bundle,org.eclipse.equinox.p2.operations,2.1.0.v20110511-1821,"org.eclipse.equinox.p2.operations",1316619142396
started,bundle,org.eclipse.equinox.p2.publisher,1.2.0.v20110511,"org.eclipse.equinox.p2.publisher",1316619142396
started,bundle,org.eclipse.equinox.p2.reconciler.dropins,1.1.100.v20110510,"org.eclipse.equinox.p2.reconciler.dropins",1316619142396
started,bundle,org.eclipse.equinox.p2.repository,2.1.0.v20110601,"org.eclipse.equinox.p2.repository",1316619142397
started,bundle,org.eclipse.equinox.p2.touchpoint.eclipse,2.1.0.v20110511,"org.eclipse.equinox.p2.touchpoint.eclipse",1316619142397
started,bundle,org.eclipse.equinox.p2.transport.ecf,1.0.0.v20110510,"org.eclipse.equinox.p2.transport.ecf",1316619142397
started,bundle,org.eclipse.equinox.p2.ui.sdk.scheduler,1.0.100.v20110502-1955,"org.eclipse.equinox.p2.ui.sdk.scheduler",1316619142397
started,bundle,org.eclipse.equinox.p2.updatechecker,1.1.200.v20110502-1955,"org.eclipse.equinox.p2.updatechecker",1316619142397
started,bundle,org.eclipse.equinox.preferences,3.4.0.v20110502,"org.eclipse.equinox.preferences",1316619142397
started,bundle,org.eclipse.equinox.registry,3.5.100.v20110502,"org.eclipse.equinox.registry",1316619142397
started,bundle,org.eclipse.equinox.security,1.1.0.v20110502,"org.eclipse.equinox.security",1316619142397
started,bundle,org.eclipse.equinox.simpleconfigurator.manipulator,2.0.0.v20110502-1955,"org.eclipse.equinox.simpleconfigurator.manipulator",1316619142398
started,bundle,org.eclipse.equinox.util,1.0.300.v20110502,"org.eclipse.equinox.util",1316619142399
started,bundle,org.eclipse.help,3.5.100.v20110426,"org.eclipse.help",1316619142399
started,bundle,org.eclipse.jdt.core,3.7.0.v_B61,"org.eclipse.jdt.core",1316619142399
started,bundle,org.eclipse.jdt.core.manipulation,1.4.0.v20110505-0800,"org.eclipse.jdt.core.manipulation",1316619142401
started,bundle,org.eclipse.jdt.junit,3.7.0.v20110505-0800,"org.eclipse.jdt.junit",1316619142401
started,bundle,org.eclipse.jdt.junit.core,3.7.0.v20110518-0800,"org.eclipse.jdt.junit.core",1316619142401
started,bundle,org.eclipse.jdt.launching,3.6.0.v20110509,"org.eclipse.jdt.launching",1316619142401
started,bundle,org.eclipse.jdt.ui,3.7.0.v20110531-1200,"org.eclipse.jdt.ui",1316619142401
started,bundle,org.eclipse.jface,3.7.0.I20110522-1430,"org.eclipse.jface",1316619142402
started,bundle,org.eclipse.jsch.core,1.1.300.I20110514-0800,"org.eclipse.jsch.core",1316619142402
started,bundle,org.eclipse.ltk.core.refactoring,3.5.200.v20110505-0800,"org.eclipse.ltk.core.refactoring",1316619142402
started,bundle,org.eclipse.ltk.ui.refactoring,3.6.0.v20110505-0800,"org.eclipse.ltk.ui.refactoring",1316619142402
started,bundle,org.eclipse.m2e.logback.configuration,1.0.0.20110607-2117,"org.eclipse.m2e.logback.configuration",1316619142403
started,bundle,org.eclipse.mylyn.bugzilla.core,3.6.0.v20110608-1400,"org.eclipse.mylyn.bugzilla.core",1316619142403
started,bundle,org.eclipse.mylyn.bugzilla.ui,3.6.0.v20110608-1400,"org.eclipse.mylyn.bugzilla.ui",1316619142403
started,bundle,org.eclipse.mylyn.commons.identity,0.8.0.v20110608-1400,"org.eclipse.mylyn.commons.identity",1316619142403
started,bundle,org.eclipse.mylyn.commons.net,3.6.0.v20110608-1400,"org.eclipse.mylyn.commons.net",1316619142403
started,bundle,org.eclipse.mylyn.context.ui,3.6.0.v20110608-1400,"org.eclipse.mylyn.context.ui",1316619142403
started,bundle,org.eclipse.mylyn.monitor.ui,3.6.0.v20110608-1400,"org.eclipse.mylyn.monitor.ui",1316619142403
started,bundle,org.eclipse.mylyn.team.ui,3.6.0.v20110608-1400,"org.eclipse.mylyn.team.ui",1316619142403
started,bundle,org.eclipse.search,3.7.0.v20110505-0800,"org.eclipse.search",1316619142403
started,bundle,org.eclipse.team.core,3.6.0.I20110525-0800,"org.eclipse.team.core",1316619142403
started,bundle,org.eclipse.team.cvs.core,3.3.400.I20110510-0800,"org.eclipse.team.cvs.core",1316619142403
started,bundle,org.eclipse.team.cvs.ui,3.3.400.I20110510-0800,"org.eclipse.team.cvs.ui",1316619142403
started,bundle,org.eclipse.team.ui,3.6.100.I20110525-0800,"org.eclipse.team.ui",1316619142403
